Name,CMP,MarCap_Cr,Assets_Cr,BookValue,Sales_Cr,PAT_12M_Cr,Investments_Cr,Capital_Employed_Cr,ROCE,ROE,ROA_12M,DebtoverEq,CFOpr5Yrs_Cr,CFOperations_Cr,Free_Cash_Flow_Cr,Export,FII_Hold,OPM,Sales_3Yrs,Profit_3Yrs,3Yrs_stock_return,Dep_Cr,Interest_Cr
Reliance Industr,2502.20,1692851.31,1625924.00,1167.78,841761.00,64277.73,345113.00,1062412.00,9.42,8.16,4.66,0.40,346294.00,110654.00,13646.00,0.00,23.58,15.46,7.12,14.01,17.77,29797.00,14584.00
TCS,3228.35,1181269.85,148173.00,266.34,207543.00,39604.00,43118.00,98828.00,54.87,43.64,28.37,0.08,164780.00,39949.00,36985.00,0.00,13.05,26.60,9.40,6.84,13.37,4604.00,784.00
HDFC Bank,1597.65,890970.33,2122934.30,445.99,148365.81,41738.79,449263.86,155666.15,5.83,16.63,1.94,7.22,-32009.37,-11959.57,-14175.90,0.00,32.14,59.29,8.93,19.42,7.41,1680.73,58584.33
Infosys,1497.10,629991.78,127231.00,190.08,135151.00,22876.00,24448.00,66212.00,37.09,28.98,19.64,0.08,92171.00,23885.00,21724.00,0.00,36.20,24.41,13.74,12.88,26.85,3476.00,200.00
Hind. Unilever,2621.10,615851.37,71936.00,211.10,56974.00,9688.61,3538.00,57781.00,24.34,18.43,12.82,0.02,37693.00,9048.00,7995.00,0.00,14.05,23.85,10.09,12.82,10.43,1091.00,106.00
ICICI Bank,878.90,613157.11,1752637.38,261.61,104322.80,29647.01,567097.72,174474.71,5.59,14.80,1.60,6.89,343745.46,58111.43,56368.90,0.00,44.77,20.71,9.85,80.70,17.55,1330.01,41166.67
St Bk of India,574.00,512272.71,5360877.84,342.41,309227.34,41181.24,1776489.90,540608.70,4.44,12.18,0.73,14.85,104590.41,57694.85,54643.93,0.00,9.95,36.04,4.61,153.78,20.09,3691.27,156194.34
H D F C,2623.05,478516.72,1013742.18,1016.16,133444.70,24157.59,126709.71,15431.39,8.60,13.45,2.68,2.92,-200334.80,-44027.92,-46157.85,0.00,67.77,38.04,12.41,11.66,2.82,418.92,27230.35
Bharti Airtel,808.65,467313.83,424388.60,130.95,128698.30,6215.76,29650.50,271545.80,11.97,5.86,2.04,2.99,171274.30,55016.60,28995.80,0.00,21.87,50.40,13.00,156.29,21.69,33090.70,16616.20
Life Insurance,658.75,416659.22,4230589.77,16.46,770021.15,19241.84,3926044.27,123425.26,142.46,48.22,0.10,0.00,215136.24,-3135.49,-3592.62,0.00,0.18,-6.22,8.75,14.57,,433.36,0.00
Adani Enterp.,3642.20,415211.21,123091.28,276.77,122642.87,1207.16,4830.92,67724.80,7.28,4.12,1.03,1.31,14060.46,1385.28,-10260.33,0.00,15.59,4.60,19.80,9.42,159.20,1247.78,2525.88
ITC,326.70,405510.14,82156.88,52.93,69261.13,17261.95,24834.36,53046.62,33.64,24.76,20.48,0.00,68744.95,15775.51,13766.97,0.00,42.68,33.98,7.85,6.30,11.02,1732.41,59.99
Bajaj Finance,6374.60,385936.92,235722.54,793.54,36408.47,9921.70,14524.75,3087.90,10.27,17.48,3.67,3.81,-111874.71,-37028.62,-37643.65,0.00,20.49,67.36,19.61,20.85,15.48,384.57,9847.68
Kotak Mah. Bank,1821.95,361854.87,546497.90,486.90,36622.63,13658.13,164529.41,43436.41,6.29,13.27,2.35,3.76,51347.92,8417.99,7784.66,0.00,40.92,18.04,4.19,18.85,2.11,480.35,11553.29
Adani Total Gas,3232.60,355524.61,5067.68,24.36,4053.14,484.55,669.88,3249.82,24.60,23.02,13.19,0.45,2514.58,735.72,-214.65,0.00,17.44,19.23,20.90,28.19,174.06,82.73,52.73
Asian Paints,3057.90,293313.09,24241.53,147.03,33484.42,3763.32,3083.45,14647.30,29.73,23.15,14.48,0.13,12290.97,986.49,487.83,0.00,18.56,17.23,14.79,12.80,19.24,816.36,95.41
Larsen & Toubro,2062.75,289891.49,322794.21,582.38,171029.40,9606.47,38991.89,151337.74,10.96,10.25,3.12,1.58,34144.43,19163.58,16123.70,0.00,22.12,12.49,5.00,-2.09,16.61,2947.95,9234.98
Adani Green,1809.05,286559.40,62441.00,33.68,6082.00,545.15,841.00,54003.00,7.86,42.38,0.99,7.70,8899.20,3060.00,-11728.00,0.00,15.25,62.96,35.62,42.89,129.89,849.00,2617.00
HCL Technologies,1030.60,279670.32,88515.00,225.68,93078.00,13803.00,5205.00,65420.00,25.40,22.01,15.35,0.11,67176.00,16900.00,15345.00,0.00,17.17,22.40,12.33,10.28,22.51,4326.00,319.00
Axis Bank,906.60,278762.44,1195528.51,384.75,75838.00,18367.60,274608.13,132027.91,5.15,12.74,1.29,8.64,69920.77,28137.30,26735.58,0.00,46.12,59.51,7.10,40.87,6.97,1045.59,34922.66
Adani Transmissi,2270.20,253239.15,51564.43,95.34,12269.79,859.55,526.82,39699.89,11.63,18.61,2.73,3.16,18107.83,4096.61,-94.25,0.00,19.93,30.02,15.50,29.14,89.26,1427.15,2364.95
Avenue Super.,3875.60,251051.56,17141.67,231.64,38680.61,2307.88,12.56,15307.78,15.75,11.54,10.25,0.05,5564.46,1372.35,-1017.15,0.00,8.72,9.06,15.69,18.60,26.66,498.08,53.79
Maruti Suzuki,8141.60,245941.45,79019.60,1892.91,106456.70,6066.30,42906.70,20143.20,8.95,7.25,5.36,0.01,32581.30,1840.50,-1482.80,0.00,21.84,8.15,0.87,-13.15,3.57,2789.00,126.60
Sun Pharma.Inds.,1001.55,240305.39,74455.49,221.39,41023.86,7937.19,13256.95,50572.97,18.35,13.97,9.95,0.08,27813.28,8984.54,7550.11,0.00,16.00,26.30,9.97,23.62,32.58,2143.74,127.35
Bajaj Finserv,1497.05,238452.44,360274.64,266.59,73139.89,5468.18,122632.08,-93797.94,11.43,11.97,2.71,4.22,-99148.15,-33669.99,-34419.93,0.00,7.48,35.00,17.10,12.26,17.22,562.73,9629.46
Titan Company,2483.05,220441.74,23480.00,115.19,36439.00,3166.17,900.00,16722.00,21.40,26.36,11.90,0.75,4258.80,-724.00,-940.00,0.00,17.04,12.84,13.34,16.74,27.28,399.00,218.00
Wipro,377.65,207207.59,113743.20,130.00,85244.00,11264.30,29634.90,88738.10,21.13,20.33,12.90,0.27,55953.90,11079.70,9138.00,0.00,6.58,18.90,10.35,10.75,14.40,3077.80,532.50
UltraTech Cem.,6909.40,199458.81,86233.22,1783.54,57808.88,6659.22,3616.91,65427.81,14.29,15.17,8.45,0.25,40599.93,9283.24,3677.09,4.14,14.06,18.08,8.25,44.19,19.03,2714.75,944.71
Nestle India,20132.75,194111.35,8615.63,241.48,16347.59,2345.35,808.98,3794.18,147.06,113.08,28.81,0.12,10891.34,2271.37,1540.55,4.35,12.05,22.15,9.21,13.03,11.34,390.19,201.19
JSW Steel,727.85,175937.39,196479.00,256.52,164830.00,7545.38,5087.00,135709.00,28.23,37.62,12.53,1.25,84898.00,26270.00,16222.00,0.00,10.75,14.73,19.98,41.39,39.74,6001.00,4968.00
O N G C,139.80,175872.30,628557.15,221.70,653145.63,38554.27,71043.71,411926.04,16.79,19.51,9.02,0.54,314027.91,78000.04,44909.78,75.91,8.96,11.89,5.22,14.26,3.53,26883.16,5696.04
Adani Ports,794.10,171536.63,99849.03,205.43,17911.02,5332.02,3397.11,79299.99,11.15,14.66,6.10,1.04,36395.35,9800.22,6063.75,0.00,14.03,51.68,13.40,7.79,29.15,2739.63,2540.58
NTPC,163.00,158055.66,440092.50,145.99,157729.85,16940.35,13523.33,338638.55,9.23,12.57,4.10,1.58,136477.22,41788.23,17457.31,0.00,14.97,27.88,9.78,2.93,12.27,13787.83,9375.68
M & M,1224.60,152241.36,192114.58,406.31,107811.62,8354.11,32271.96,83443.72,11.31,14.17,4.11,1.65,22034.02,9247.55,3327.69,0.00,38.27,16.95,-4.86,6.64,32.41,3507.50,5018.05
Power Grid Corpn,211.25,147356.44,252644.59,117.85,43189.43,14648.16,3789.05,211849.53,11.48,19.27,5.56,1.59,132246.11,26123.52,18157.30,0.00,31.70,84.16,5.88,9.38,14.60,12871.66,8036.22
Tata Motors,378.35,135444.62,315639.72,78.81,302214.38,-9487.21,22125.89,168583.24,1.40,-22.33,-3.32,5.52,112664.45,14282.83,-655.49,0.00,14.13,7.72,-2.66,,29.18,24835.69,9311.86
Coal India,215.05,132529.47,195149.02,91.46,126070.51,26125.89,8313.87,109370.38,54.29,43.61,10.21,0.07,94127.61,41087.51,29091.93,0.00,6.73,27.97,3.28,-0.18,2.63,4428.67,541.49
Hindustan Zinc,313.15,132315.86,42547.00,74.03,34510.00,11404.00,13603.00,35749.00,37.34,28.75,21.18,0.09,48460.00,12691.00,9723.00,0.00,0.81,54.71,11.71,7.62,13.99,2917.00,290.00
Pidilite Inds.,2490.25,126581.79,9998.28,129.90,11470.08,1298.89,447.37,7354.94,26.13,20.23,13.26,0.10,5268.26,955.37,581.40,0.00,11.34,17.26,11.91,8.95,21.84,239.61,42.08
LTI Mindtree,4266.55,126203.88,12853.30,524.18,17798.70,2561.80,2921.30,8848.20,35.72,28.50,19.85,0.09,7934.00,1652.00,796.40,0.00,9.64,19.21,18.38,14.87,34.08,354.90,72.80
Tata Steel,102.25,124878.51,289207.10,88.02,253414.20,28726.62,9088.26,197476.50,31.55,42.60,15.81,0.81,142235.73,44380.99,34428.27,0.00,21.52,20.50,15.66,66.76,30.22,9100.87,5462.20
SBI Life Insuran,1224.60,122561.79,288440.08,122.07,73866.74,1675.80,279704.29,3945.39,15.32,13.68,0.60,0.00,88896.00,21851.94,21785.25,0.00,24.33,1.15,22.99,6.37,7.17,74.90,0.00
HDFC Life Insur.,565.45,121525.10,232098.87,57.45,59837.79,1317.42,224901.33,-446.77,10.78,10.01,0.62,0.08,39215.33,5540.01,5485.84,0.00,28.81,1.45,19.46,-1.84,-3.30,52.38,0.00
Grasim Inds,1709.10,112527.43,307242.89,1162.09,108740.71,7550.71,66201.65,128042.01,12.19,10.75,4.05,1.14,32934.55,7037.65,-1467.47,6.51,12.03,19.12,4.88,44.37,32.27,4161.07,4776.00
Vedanta,285.20,106014.45,202083.00,145.91,149195.00,16206.61,14742.00,124613.00,32.15,30.03,12.80,1.09,119363.00,34963.00,24658.00,0.00,8.09,28.38,12.98,40.34,24.43,8895.00,4797.00
Britannia Inds.,4331.90,104341.74,7911.70,84.72,15206.00,1574.14,1411.61,3814.51,41.51,49.66,19.54,1.49,7064.12,1299.52,752.50,0.00,17.18,15.13,8.54,9.49,11.91,200.54,144.29
I O C L,73.00,103085.04,454959.21,90.18,772799.38,12761.55,50551.31,260231.89,15.62,20.45,6.71,1.26,123228.61,24570.33,1533.22,0.00,7.22,4.37,3.72,13.25,-4.92,12347.58,4300.70
Bajaj Auto,3541.80,102488.01,32515.67,899.77,35204.10,5594.58,22785.68,6847.07,23.43,19.01,15.81,0.00,17982.23,4197.21,3679.53,0.00,11.56,16.38,2.97,5.30,3.15,269.76,8.66
Adani Power,262.20,101128.94,86619.73,62.75,36725.49,10339.35,20.01,76200.60,20.68,369.83,6.17,1.87,33556.16,10232.73,6799.42,0.00,13.23,37.22,5.08,92.96,62.86,3117.54,4094.78
Dabur India,565.85,100255.24,12745.05,49.72,11268.48,1791.24,6016.56,4405.97,27.19,22.48,15.63,0.12,8121.25,1802.33,1433.13,0.00,20.24,19.73,8.54,6.40,7.33,252.89,38.60
Siemens,2787.20,99257.84,20109.00,326.02,16137.80,1261.82,1.40,10534.20,15.79,11.49,6.63,0.02,4493.00,978.50,1287.20,0.00,6.03,10.89,7.24,5.77,21.98,317.10,36.30
Ambuja Cements,491.25,97544.82,45028.08,128.56,30701.37,1832.35,205.73,30233.62,22.14,11.83,8.94,0.02,19999.81,5309.16,3012.82,0.00,11.05,13.03,3.61,8.10,35.71,1152.49,145.66
Tech Mahindra,995.75,96964.04,45659.30,275.26,49404.50,5291.20,3139.10,27716.80,26.57,21.50,13.39,0.11,25722.70,5285.30,4450.00,0.00,28.20,16.14,8.72,9.15,8.85,1520.40,162.60
Hindalco Inds.,429.55,96528.24,224122.00,404.44,220230.00,13853.62,13532.00,160340.00,16.20,18.49,6.52,0.74,69689.68,16838.00,11483.00,76.13,24.85,12.89,14.32,37.14,25.70,6729.00,3768.00
Divi's Lab.,3498.45,92872.86,13518.26,457.10,9120.74,2992.49,74.53,12389.76,35.07,28.18,24.55,0.00,6804.83,1911.80,1198.60,0.00,15.40,40.23,21.90,29.85,24.41,311.51,2.00
Cipla,1119.15,90323.62,28062.82,271.18,21942.92,2593.25,2795.96,21934.51,17.50,13.18,10.10,0.05,13303.46,3325.90,2644.93,0.00,27.69,20.17,9.97,23.45,32.72,1051.95,106.35
Godrej Consumer,873.40,89322.21,16526.80,123.98,12735.29,1618.33,1701.22,12631.55,18.53,16.98,11.76,0.09,8520.51,1450.57,1174.05,0.00,24.43,17.23,5.98,-5.79,8.11,209.93,122.26
IndusInd Bank,1147.85,89006.02,401974.59,615.51,32487.18,5912.65,70970.78,76818.99,5.95,10.13,1.21,7.15,22117.61,16600.07,16238.51,0.00,46.97,50.80,11.46,11.78,-8.97,321.21,15821.60
Eicher Motors,3113.65,85151.48,17232.20,485.52,12990.83,2333.79,8953.96,5308.32,18.26,13.97,10.92,0.01,8969.85,1527.04,888.34,0.00,30.25,23.03,1.68,-8.65,12.50,451.93,18.78
Shree Cement,23271.40,83964.95,25257.47,4977.96,16454.23,1601.31,8801.04,13832.29,16.61,14.12,10.27,0.16,14853.69,2667.98,458.56,0.00,12.37,18.89,6.13,26.32,4.71,1145.88,216.12
Varun Beverages,1287.60,83636.01,10170.36,74.13,12693.25,1439.18,0.00,7680.30,17.36,18.58,8.42,0.49,5170.55,1231.42,415.97,0.00,25.01,21.18,20.01,32.20,60.56,531.26,206.97
Hind.Aeronautics,2439.65,81578.85,61541.22,623.58,26220.22,5855.39,1295.34,33166.39,30.49,29.37,8.98,0.00,18273.38,10040.08,8543.06,0.00,6.85,24.26,7.16,29.43,50.47,1109.87,65.14
SBI Cards,771.25,72921.46,41581.14,94.55,12137.14,2119.19,1810.35,-1752.97,11.65,23.01,5.24,3.16,-12980.01,-4391.46,-4491.35,0.00,8.82,28.70,15.02,23.18,,148.56,1027.32
Tata Consumer,779.00,72370.01,20811.20,161.57,13073.67,1034.82,1039.85,17303.12,9.61,6.51,5.07,0.09,4819.86,1515.81,1269.73,0.00,25.59,13.75,19.66,33.23,35.18,278.01,72.78
Dr Reddy's Labs,4310.45,71779.27,29168.90,1248.01,22377.90,3109.50,1990.00,20826.20,13.96,11.35,7.49,0.08,14038.60,2810.80,1237.50,0.00,26.26,20.14,11.73,4.50,14.18,1165.20,95.80
Bharat Electron,96.55,70575.91,33477.72,17.69,17143.66,2739.45,174.77,12052.53,27.08,20.51,7.56,0.00,12698.14,4207.22,3660.06,0.00,17.36,22.15,8.11,8.28,42.74,401.13,8.55
B P C L,325.10,70522.41,196770.55,215.59,435308.08,-449.85,26504.27,107285.83,15.57,20.40,6.19,1.73,72897.30,20335.63,12643.27,0.00,12.96,1.53,5.16,11.41,-12.05,5434.35,2605.64
Havells India,1100.80,68966.19,10184.82,98.53,16014.42,1088.47,301.24,6543.09,27.58,21.41,12.35,0.03,4816.08,1727.83,1475.07,0.00,23.30,10.04,11.43,14.82,19.31,260.89,66.92
Apollo Hospitals,4700.15,67580.95,13974.84,416.79,15232.03,839.61,630.65,10550.39,17.79,16.55,7.23,0.67,5627.66,1628.00,976.20,0.00,49.09,13.66,15.09,61.56,50.62,600.70,378.60
Marico,515.55,66661.24,7034.00,29.03,9622.00,1233.00,1263.00,4404.00,42.73,36.64,22.61,0.14,5815.00,1016.00,887.00,0.00,25.00,18.06,9.05,3.37,15.62,139.00,39.00
SRF,2219.35,65787.04,17053.02,311.17,14517.79,2200.18,328.66,13646.23,23.95,24.48,13.16,0.42,6755.46,2105.72,288.60,0.00,19.21,24.75,20.54,43.27,49.37,517.23,115.93
Adani Wilmar,499.65,64938.44,19512.82,58.54,55463.35,696.21,584.24,10414.25,19.97,15.48,4.85,0.40,5969.82,1154.33,634.57,0.00,1.63,2.84,22.05,30.53,,284.74,525.21
Bajaj Holdings,5798.95,64536.51,55046.28,3862.35,463.96,4357.67,52990.72,755.22,10.54,10.14,8.33,0.00,6059.88,1609.65,1608.33,0.00,12.04,70.46,3.94,9.98,19.00,33.71,3.15
United Spirits,874.25,63526.39,10120.60,79.43,10813.20,1119.42,534.50,4479.00,24.22,19.77,10.60,0.10,5451.70,977.40,881.80,0.00,16.07,16.27,1.31,11.58,13.92,303.80,88.00
ICICI Pru Life,439.65,63246.37,247990.14,66.91,43926.58,855.56,241401.03,1141.23,7.26,6.30,0.33,0.12,34807.87,1831.14,1736.08,0.00,16.63,-1.79,14.54,-6.88,-4.19,67.01,0.00
Tata Power Co.,196.90,62916.24,121549.07,80.37,51399.30,2542.61,17850.67,64736.74,9.30,8.42,2.14,2.07,33350.81,6692.73,-7808.08,0.00,10.28,12.31,12.74,103.87,51.97,3122.20,3859.02
GAIL (India),91.55,60195.04,106143.94,100.08,130017.50,11790.58,15993.49,71308.50,23.30,20.89,13.85,0.22,43720.26,9628.59,2690.05,0.00,19.79,11.80,6.78,22.25,4.67,2420.17,202.48
ICICI Lombard,1223.60,60090.68,53904.59,202.53,16825.38,1569.60,40096.22,-30104.33,19.19,15.13,2.82,0.00,11381.68,809.10,737.05,0.00,24.07,6.28,12.81,6.54,-5.11,141.39,0.00
Cholaman.Inv.&Fn,699.25,57456.50,93653.00,157.04,10949.21,2339.28,2432.06,3615.69,9.34,20.16,2.74,6.15,-33738.03,-5571.33,-5665.32,0.00,18.69,70.36,12.60,21.63,32.32,100.63,4297.66
A B B,2680.75,56807.34,8774.81,210.46,8242.12,621.92,1290.04,3954.13,15.76,11.30,5.52,0.01,3051.45,649.24,513.40,0.00,5.39,9.43,1.20,-4.83,28.61,102.70,18.69
Berger Paints,575.55,55906.01,8215.33,42.21,10168.90,945.80,177.65,5566.78,25.90,22.53,12.53,0.40,3119.64,566.50,-193.08,0.00,11.13,14.82,13.07,19.26,3.43,226.51,50.72
Tube Investments,2778.50,53643.94,9734.08,178.50,14412.65,860.66,351.26,5125.86,29.37,28.09,11.13,0.26,2632.97,877.29,640.39,0.00,26.30,11.89,29.46,47.22,78.55,349.21,75.22
Jindal Steel,524.30,53483.22,70652.01,370.97,53431.16,3923.22,1614.23,56752.49,21.67,17.83,9.14,0.38,53574.19,16047.77,13175.60,0.00,11.02,21.99,2.90,123.89,48.52,2096.78,1887.71
UPL,711.20,53383.22,89916.00,332.54,50486.00,4216.90,1615.00,62228.00,15.58,16.72,6.24,1.34,27642.00,6496.00,3931.00,0.00,35.57,20.57,28.41,28.30,7.71,2359.00,2295.00
Torrent Pharma.,1562.50,52882.10,13219.00,179.98,8875.00,1200.00,505.00,10006.00,18.86,18.26,7.98,0.67,7893.48,1802.99,1607.21,44.16,11.37,28.03,3.50,21.79,18.94,662.16,255.06
Hero Motocorp,2636.85,52692.29,24210.71,821.46,33115.40,2582.94,10033.08,11901.50,18.56,14.36,9.90,0.04,16781.77,2103.70,1544.86,0.00,27.79,11.48,-4.54,-12.51,2.72,689.52,53.10
P I Industries,3459.60,52488.40,8585.30,436.18,6064.70,1024.20,923.50,6922.50,17.33,14.72,11.41,0.04,2661.90,528.70,192.50,0.00,16.72,22.85,23.10,27.94,33.52,201.80,20.00
Indus Towers,189.50,51069.06,47036.10,75.98,28907.60,4748.40,0.00,38464.50,24.61,32.43,13.27,0.99,25545.40,9121.20,6251.50,0.00,26.50,44.40,59.54,39.86,-9.46,5325.20,1603.30
Yes Bank,17.45,50174.56,318220.22,13.47,20455.07,1097.34,51895.56,61006.43,4.96,3.21,0.36,7.98,-25128.46,23623.31,23227.77,0.00,23.67,54.73,-13.73,-14.49,-30.15,398.36,12525.66
Bosch,16849.45,49695.16,15869.40,3652.05,13626.10,1292.10,4985.40,5674.90,14.79,11.85,8.05,0.01,4764.30,271.30,-140.70,0.00,3.62,12.28,-0.84,-8.72,3.12,324.30,28.90
Info Edg.(India),3845.60,49679.05,17420.98,1103.74,2045.77,2974.31,12565.32,3718.17,24.26,21.83,18.64,0.01,1861.76,706.75,515.40,0.00,31.81,12.88,11.35,227.52,14.47,44.91,11.43
Macrotech Devel.,1028.50,49547.30,37322.77,238.12,9945.18,1284.70,314.36,20877.29,10.34,14.37,3.11,0.92,8526.69,1998.34,1965.33,0.00,19.45,22.93,-8.13,-9.80,,74.77,687.91
I R C T C,607.25,48580.00,4541.88,27.97,2889.56,896.93,0.00,2328.11,51.33,39.93,19.08,0.08,1703.02,523.74,502.44,0.00,5.81,40.96,0.17,32.61,50.68,48.99,11.05
TVS Motor Co.,1010.50,48008.86,31128.93,106.71,29059.01,1183.77,766.50,14725.66,11.29,18.37,3.10,3.68,-598.97,-1560.16,-2531.04,0.00,12.64,12.26,6.50,2.31,29.57,742.86,940.22
Page Industries,43031.35,47979.96,2464.43,1179.18,4897.20,734.26,0.00,1395.12,67.19,54.39,28.20,0.12,2221.97,326.91,229.03,0.00,25.29,21.51,10.86,11.66,25.19,65.47,33.60
Abbott India,21797.25,46319.16,4100.16,1277.45,5163.23,881.77,0.00,2075.94,38.38,29.46,19.81,0.05,2952.36,947.66,903.82,0.00,0.20,22.79,10.17,21.60,18.75,66.10,19.10
P & G Hygiene,14094.60,45752.11,1681.24,227.22,3887.51,511.87,0.00,486.64,109.98,79.49,34.82,0.01,2738.41,573.10,523.37,0.00,1.68,19.10,9.80,10.75,7.20,52.88,11.19
Trent,1284.40,45658.81,7729.40,67.04,6583.83,297.26,843.78,5978.31,9.29,1.60,0.56,1.90,802.51,58.48,-151.62,0.00,25.92,14.35,19.58,-27.02,35.07,310.82,324.84
Samvardh. Mothe.,66.90,45334.26,57212.41,30.55,69177.83,811.99,6361.03,27733.91,8.09,5.44,2.36,0.68,21442.40,2462.70,26.40,0.00,8.76,6.85,0.01,-17.56,-5.79,2958.20,542.60
United Breweries,1699.40,44932.14,5985.82,149.55,7412.98,550.33,8.16,3467.85,13.07,9.72,6.20,0.00,3234.03,899.62,726.84,0.00,6.93,12.43,-3.39,-13.41,9.36,217.19,14.78
ACC,2374.10,44582.57,20575.95,738.10,17108.06,873.42,157.46,12005.42,19.20,14.09,9.70,0.01,9981.38,2835.49,1682.15,0.00,11.42,9.55,2.95,7.77,17.58,600.68,54.62
HDFC AMC,2075.85,44281.82,5697.08,250.15,2132.25,1381.62,5254.70,166.51,36.17,27.03,25.39,0.00,5136.20,1253.73,1243.56,0.00,12.34,75.14,5.39,14.39,-13.53,53.85,8.64
Container Corpn.,712.30,43400.04,13422.14,181.37,7975.92,1140.92,1212.58,9203.08,13.01,10.04,8.28,0.07,6056.16,1369.42,765.48,0.00,24.06,23.34,3.23,-4.84,7.39,561.42,62.84
AU Small Finance,644.30,42938.36,69077.80,118.65,6975.97,1258.59,15306.50,4545.49,7.19,16.57,1.87,7.84,15917.20,6848.98,6567.97,0.00,38.55,54.03,26.16,43.47,17.99,140.17,2687.61
Colgate-Palmoliv,1567.60,42636.47,2915.96,60.71,5165.68,1070.42,0.00,1410.11,92.04,74.36,37.21,0.05,5016.10,1625.73,1576.18,0.00,19.46,29.88,4.55,12.58,2.07,177.30,5.89
Zydus Lifesci.,420.30,42542.94,25629.30,164.65,15711.00,1962.17,1086.60,18963.50,14.70,14.73,8.84,0.15,10530.70,2104.10,1049.60,0.00,2.61,19.84,5.06,7.16,17.60,713.00,127.00
Schaeffler India,2710.85,42371.58,5287.44,245.71,6595.99,827.73,0.00,3606.03,24.51,18.52,13.89,0.02,2262.79,464.67,282.08,0.00,5.74,18.74,6.82,12.07,43.93,197.11,4.90
Max Healthcare,432.40,41974.09,9503.65,71.34,4117.88,944.64,0.51,7770.47,12.23,10.32,6.94,0.11,1198.10,748.49,192.35,0.00,49.27,25.28,32.48,3032.83,,221.12,100.87
Muthoot Finance,1043.45,41887.87,67899.44,479.03,10539.70,3658.36,3028.97,4587.26,14.15,23.55,5.90,2.43,-17021.04,-1141.54,-1212.83,0.00,9.93,82.20,17.23,26.09,11.93,53.91,3844.60
JSW Energy,253.30,41659.63,33775.82,107.01,9759.59,2108.08,6657.76,21572.42,12.07,10.62,6.03,0.64,15162.58,2952.03,658.45,0.00,5.34,39.41,-3.67,36.14,53.71,1131.05,776.91
FSN E-Commerce,144.85,41257.27,2886.39,4.78,4450.93,44.17,40.51,2100.31,6.87,4.49,2.09,0.67,-393.74,-353.96,-447.93,0.04,6.16,4.82,50.31,54.32,,96.41,47.30
Ashok Leyland,137.85,40474.51,45580.79,24.39,34657.10,319.29,2228.08,18253.64,6.25,1.68,0.30,3.76,-120.45,2844.56,2442.94,0.00,17.59,10.51,-7.54,-60.36,19.94,865.96,1869.05
Balkrishna Inds,2073.70,40088.19,12370.26,392.85,9696.97,1403.01,1864.04,9349.10,23.84,21.86,14.77,0.42,4990.56,908.04,-680.90,83.03,12.96,18.87,16.77,23.39,29.50,455.37,9.35
Patanjali Foods,1101.15,39861.06,12613.47,257.08,28669.27,822.05,42.82,9704.36,17.54,17.32,7.85,0.05,2025.50,724.21,690.42,0.00,2.24,4.93,23.89,118.30,590.13,136.73,358.50
Bharat Forge,842.40,39221.19,16394.82,140.87,11895.63,832.71,2016.72,12124.69,11.50,15.43,6.47,0.99,4926.65,505.85,-458.78,0.00,19.30,15.97,1.03,-3.15,20.11,730.30,160.41
L&T Technology,3702.60,39097.79,6332.20,421.71,7312.40,1067.40,1794.70,4603.00,30.77,24.48,16.84,0.10,4192.20,1006.20,850.70,0.00,6.04,21.48,8.96,6.88,35.81,214.40,43.70
NHPC Ltd,38.70,38874.28,79865.83,36.83,9982.19,3855.27,2476.56,51159.36,6.50,10.39,5.03,0.70,23054.44,6471.79,1457.31,0.00,6.52,41.12,0.76,14.71,17.26,1190.30,586.23
Cummins India,1388.05,38476.75,7026.40,180.85,6866.43,892.07,991.27,5403.47,21.28,16.87,12.50,0.05,3278.30,707.06,777.57,0.00,10.37,14.29,2.76,3.45,35.66,134.02,11.50
CG Power & Indu.,251.65,38428.88,4542.87,8.85,6419.08,580.29,42.52,1646.30,44.86,107.62,10.79,0.18,2124.43,484.58,414.38,0.00,12.97,12.94,-11.41,48.38,189.24,101.21,81.57
Astral,1894.30,38162.32,3970.90,120.43,4877.80,425.50,0.00,2691.50,29.62,22.57,15.98,0.04,2236.45,543.10,198.50,0.00,16.26,14.91,20.56,34.68,30.31,126.90,12.90
Polycab India,2513.90,37634.77,8078.28,389.79,13410.90,1124.22,1287.05,5893.57,22.46,17.33,12.49,0.02,3600.77,511.61,-8.39,0.00,6.44,11.74,15.19,21.42,38.51,201.52,35.19
Solar Industries,4036.45,36525.86,4543.72,241.67,5516.96,616.57,74.52,3114.69,25.38,25.30,13.84,0.55,1547.14,297.80,17.01,0.00,6.64,18.54,17.05,18.72,56.40,109.25,50.25
MRF,86071.00,36494.10,23862.87,33565.63,21747.18,568.06,3335.51,16122.55,7.05,4.85,2.92,0.22,9683.61,-578.03,-2282.67,0.00,16.46,9.23,6.34,-16.14,10.60,1205.05,262.80
I R F C,27.85,36395.79,465197.79,33.32,22464.92,6462.27,9.64,412811.87,5.11,15.84,1.47,8.88,-286843.85,-64412.28,-64418.91,0.00,1.05,99.34,22.17,39.26,,14.03,14074.78
Tata Elxsi,5837.60,36354.49,2305.72,271.70,2806.21,669.97,0.00,1770.22,47.72,37.18,28.26,0.11,1588.19,483.03,411.85,0.00,15.37,31.96,15.66,24.03,90.68,55.34,10.47
Alkem Lab,3039.55,36342.38,13869.23,764.58,10758.59,1098.35,420.29,9743.60,18.65,20.68,13.22,0.20,4006.69,1111.02,783.04,0.00,4.46,13.88,13.07,29.38,15.04,303.96,52.37
Mphasis,1919.45,36147.57,11147.25,370.85,13332.45,1570.09,1393.13,6936.00,27.38,21.24,14.27,0.15,6164.32,1715.73,1596.55,0.00,20.71,17.61,15.66,10.12,30.12,290.75,74.40
Honeywell Auto,40588.00,35879.79,4135.01,3360.74,3108.35,382.31,0.00,2826.91,16.81,12.52,8.53,0.02,1532.61,263.58,252.76,0.00,2.88,14.76,-2.44,-1.87,14.89,52.46,8.71
Shriram Finance,1301.50,35208.14,155374.91,1035.87,20401.85,3813.29,8274.95,20120.72,9.90,11.38,2.00,4.49,-34238.36,-8859.02,-8893.35,0.00,42.21,73.48,7.42,1.85,5.00,135.37,9772.82
Power Fin.Corpn.,131.80,34796.27,811240.05,289.79,75897.23,14138.51,5102.76,17900.29,9.38,21.17,2.40,8.82,-237057.18,1632.47,1512.80,0.00,16.82,89.62,12.12,12.21,5.59,34.77,44708.78
Aditya Birla Cap,143.35,34647.20,155490.83,67.74,24743.90,1924.70,41155.07,-31235.81,8.20,11.36,1.25,4.17,-22884.08,-5069.51,-5246.65,0.00,6.80,24.97,13.59,26.96,14.62,121.91,3479.53
Tata Comm,1209.85,34480.73,20081.36,31.84,17189.18,1775.57,1753.16,9971.71,21.79,282.45,7.21,9.74,13465.55,4203.82,2553.58,0.00,17.02,25.22,0.40,172.54,45.16,2204.54,360.25
Jubilant Food.,511.25,33734.59,5178.21,31.35,4943.33,473.66,928.69,3223.70,21.06,24.96,10.05,1.12,3240.98,930.02,540.88,0.00,28.66,24.17,7.25,10.32,17.59,393.05,176.09
Dalmia BharatLtd,1770.50,33193.30,23544.00,801.84,12387.00,927.21,3636.00,18448.00,7.05,7.47,4.71,0.22,11330.00,1937.00,181.00,0.00,12.37,16.62,5.97,74.95,30.55,1236.00,202.00
NMDC,111.55,32690.91,26308.27,69.07,20671.53,6226.69,886.72,17607.98,37.11,29.06,23.04,0.11,24333.60,7617.32,4584.63,0.00,5.94,38.95,28.66,26.64,4.92,286.85,39.06
H P C L,227.50,32271.97,158202.80,197.93,417268.34,-7661.37,21540.05,84152.94,11.65,18.08,4.97,2.65,58699.97,15810.23,3782.41,0.00,16.74,-2.45,8.30,2.45,-4.65,4000.36,997.32
Gujarat Gas,467.70,32196.01,10069.90,91.23,18960.36,1362.63,53.25,7029.94,30.89,25.67,14.32,0.05,6489.31,1661.74,295.47,0.00,5.03,11.52,28.51,44.46,27.86,384.91,81.68
Biocon,267.05,32062.02,22664.20,80.19,9042.20,649.05,2853.30,18224.20,8.96,8.89,4.37,0.61,5436.10,1176.60,-746.10,0.00,15.79,19.67,14.07,-1.31,-2.55,814.20,67.60
Vedant Fashions,1285.25,31200.06,1816.26,46.75,1221.00,381.37,496.81,1237.55,32.79,27.81,18.01,0.22,1064.87,341.07,351.92,2.84,3.35,49.05,8.30,18.54,,88.03,27.07
Petronet LNG,207.95,31192.50,23180.05,94.63,54007.14,3338.81,332.07,18651.81,29.80,26.75,16.74,0.24,15031.48,3472.09,3399.77,0.00,34.83,9.51,3.98,15.87,-8.60,768.46,317.33
S A I L,74.70,30855.02,130331.69,130.82,106280.77,4751.88,8675.80,85560.72,23.76,25.15,10.50,0.58,67178.04,30986.65,27556.96,0.00,4.31,10.14,15.61,68.10,22.14,4275.02,1697.89
Gujarat Fluoroch,2769.00,30417.47,7911.58,445.88,4872.96,1080.41,1.05,5686.84,20.24,19.63,11.84,0.35,,741.37,92.13,0.00,4.99,33.69,13.15,-15.22,66.82,205.44,78.41
Uno Minda,522.25,29921.35,7669.53,64.56,10028.49,554.57,773.68,4459.64,13.81,12.12,6.27,0.29,2552.11,382.88,-182.12,0.00,9.07,10.92,12.06,6.60,44.43,391.75,62.32
Oberoi Realty,816.90,29702.67,16504.31,303.32,3257.17,1421.58,2525.57,11628.41,11.77,10.46,7.47,0.27,1426.11,1068.73,-137.44,0.00,18.02,45.62,1.42,9.15,16.17,39.78,86.03
Supreme Inds.,2319.30,29461.34,5071.11,307.91,8794.78,865.45,513.06,3419.13,34.62,27.43,20.73,0.01,3319.44,470.43,4.38,0.00,16.32,12.80,11.47,33.87,27.27,229.52,5.15
Persistent Sys,3834.35,29304.02,6210.99,461.18,7056.32,809.01,652.51,3792.54,26.30,21.51,14.60,0.21,2786.01,844.99,464.19,0.00,19.81,17.48,19.27,26.84,78.90,166.01,11.84
APL Apollo Tubes,1038.30,28795.26,4963.49,105.22,14852.87,549.50,108.49,3490.97,34.67,28.17,15.77,0.36,2587.38,651.71,64.83,0.00,22.91,6.02,22.24,55.54,83.33,108.97,44.47
REC Ltd,108.75,28636.31,425097.87,201.80,39123.86,10261.05,2573.45,10303.07,9.11,21.31,2.47,6.39,-148509.53,-3909.68,-3957.73,0.00,23.41,88.57,15.63,20.37,1.82,18.24,22050.96
Linde India,3318.20,28297.61,4039.67,329.38,2452.44,402.27,13.43,2883.21,17.09,12.34,8.32,0.01,1882.24,588.88,453.84,0.00,2.77,22.78,-1.23,108.59,71.28,181.37,3.05
Indraprastha Gas,401.45,28101.53,11640.13,105.55,11369.24,1507.13,1576.96,7531.80,26.48,19.77,13.29,0.01,6841.10,1897.90,560.95,0.00,20.99,18.60,10.18,20.16,-2.33,317.06,24.76
General Insuranc,156.00,27368.64,153384.75,203.20,47223.59,4316.57,105995.78,-45596.92,11.81,6.65,1.44,0.00,45068.16,8341.85,8328.71,0.00,0.46,12.14,3.60,4.38,-11.93,11.84,0.00
M & M Fin. Serv.,220.75,27275.60,94295.62,138.53,11752.43,2381.61,10461.02,1886.96,7.44,6.86,1.34,4.27,-17858.90,18.07,-276.03,0.00,16.93,65.36,3.07,-15.03,3.98,151.99,4417.37
Escorts Kubota,2012.00,26546.45,9639.11,589.45,7793.78,658.52,4476.35,5118.93,14.96,11.01,9.07,0.01,2183.87,32.28,-120.06,6.03,4.73,10.76,4.95,15.30,48.03,132.06,14.97
Gland Pharma,1581.45,26044.94,8617.08,464.50,4071.55,1028.44,8.16,7120.90,24.79,18.51,16.87,0.00,2484.15,791.29,269.57,80.38,6.10,31.02,29.12,37.50,,110.30,5.24
Federal Bank,122.45,25888.40,226241.05,91.58,15392.30,2494.87,39065.19,31647.60,5.03,11.00,0.92,10.45,9957.66,-7773.65,-8061.83,0.00,26.40,63.06,7.32,14.65,12.65,138.90,7959.38
Oracle Fin.Serv.,2986.85,25801.84,8165.07,744.78,5321.60,1806.59,0.00,5932.98,36.03,27.08,22.56,0.01,7834.51,1856.15,1818.59,0.00,7.22,44.18,1.73,10.87,1.27,92.80,12.20
Deepak Nitrite,1888.30,25755.10,4669.18,267.71,7614.26,918.76,425.25,3971.51,44.47,37.38,26.57,0.07,2833.67,823.83,637.67,0.00,8.45,18.24,36.07,82.04,72.68,177.70,36.37
Voltas,777.75,25734.56,9269.50,168.98,8996.53,176.34,3089.99,3434.23,13.02,9.62,5.51,0.07,1606.66,584.23,537.33,0.00,24.37,6.38,3.66,-0.73,6.04,37.26,25.87
Aurobindo Pharma,437.50,25634.81,37166.89,435.68,23786.88,2243.85,1542.57,28950.24,12.87,11.72,8.13,0.18,16332.30,5016.48,2692.78,0.00,21.41,15.56,6.23,3.88,-2.02,1126.52,48.64
Sundaram Finance,2291.60,25459.68,49827.43,831.66,5140.90,1180.62,6443.09,1425.17,8.15,14.11,2.72,4.04,-7425.83,1862.20,1598.68,0.00,,74.71,11.41,10.82,12.54,101.17,2236.20
Coromandel Inter,865.35,25442.13,16900.88,252.70,25141.94,1911.01,427.59,8619.91,34.69,26.65,15.20,0.22,8879.83,2078.05,1801.46,0.00,9.93,10.60,13.06,27.48,18.72,172.65,75.47
3M India,22424.25,25272.13,3516.61,2369.65,3427.62,353.44,504.80,2028.71,15.21,11.25,8.58,0.01,1160.77,333.65,265.71,0.00,4.26,13.83,3.10,-6.38,1.19,53.28,3.64
Motherson Wiring,55.90,24713.99,2769.98,2.47,6627.30,470.31,0.00,1373.96,59.42,50.10,21.01,0.34,,500.70,399.90,0.00,10.82,12.24,,,,105.50,28.50
AIA Engineering,2569.55,24236.09,6030.82,540.15,4349.79,767.46,1745.88,5334.64,17.14,13.75,12.52,0.09,1722.25,-39.22,-164.54,77.73,18.02,21.75,5.13,8.85,16.50,92.12,8.50
Timken India,3202.70,24090.30,2399.80,247.53,2572.00,406.80,193.00,1958.40,28.74,21.81,16.03,0.01,857.54,32.89,-47.05,0.00,3.90,23.23,9.81,30.09,53.65,84.34,2.45
Sona BLW Precis.,400.55,23430.34,2755.16,35.35,2077.48,349.41,270.83,2153.69,21.49,20.61,14.85,0.12,932.48,395.38,56.01,0.00,11.56,24.65,40.49,50.48,,129.54,17.24
Phoenix Mills,1309.00,23376.67,16491.95,429.95,2145.87,599.59,1534.78,14185.34,6.34,4.09,2.09,0.56,3815.65,780.61,774.11,0.00,30.60,54.77,-9.61,-14.36,18.79,185.85,294.77
Syngene Intl.,578.90,23239.04,5378.00,81.39,2810.80,425.10,959.80,3982.30,13.26,13.60,7.96,0.31,3033.00,582.20,106.70,0.00,16.79,29.87,12.53,8.30,22.92,309.70,24.10
Max Financial,671.30,23167.55,121136.04,113.31,28501.42,300.19,5237.28,-1258.42,10.60,6.96,0.30,0.13,37199.39,8495.86,8368.80,0.00,45.76,1.53,16.92,-1.19,8.38,5.00,24.74
Atul,7845.30,23154.43,5793.76,1549.18,5714.85,603.23,962.45,3902.39,18.68,14.25,11.08,0.02,2590.07,231.45,-359.07,0.00,9.20,15.92,7.96,10.96,25.17,176.69,9.17
Sumitomo Chemi.,461.25,23023.10,3454.54,44.42,3479.37,512.85,311.80,2136.86,33.69,25.11,15.30,0.01,992.98,223.19,110.73,0.00,2.05,20.17,11.28,36.12,,44.79,7.89
Torrent Power,477.40,22944.65,29547.69,227.39,20724.54,2026.19,553.53,23639.09,13.10,8.64,3.62,0.96,14953.25,3167.18,1407.48,0.00,6.77,20.02,2.73,-0.04,19.31,1333.86,628.21
GMR Airports Inf,37.80,22815.87,39512.35,-1.89,6041.28,-889.20,4087.88,24670.83,5.99,,-1.31,,9034.87,3256.11,194.10,0.00,27.85,26.11,-14.69,16.98,24.12,889.40,2018.66
Coforge,3735.45,22809.81,5349.70,463.86,7189.80,742.20,0.00,3301.90,32.08,25.43,17.08,0.27,2659.90,765.60,618.10,0.00,21.02,17.27,20.50,17.39,32.72,227.20,65.00
Kansai Nerolac,422.95,22793.61,6135.91,80.86,7329.28,407.75,128.71,4570.01,11.45,8.12,5.92,0.07,1725.65,24.77,-193.17,0.00,3.45,10.24,5.50,-8.44,-6.65,169.77,28.59
Tata Chemicals,891.70,22716.95,34358.00,753.18,14856.58,1973.65,7673.00,22814.00,8.40,7.58,4.43,0.33,8913.15,1644.33,379.06,0.00,14.92,20.95,6.88,7.48,43.10,806.12,302.84
Glaxosmi. Pharma,1340.20,22703.80,3015.29,85.88,3287.52,414.89,548.56,1268.65,36.66,81.33,43.47,0.02,2761.45,810.75,2371.01,0.00,2.17,23.69,1.57,58.15,-6.42,68.19,2.00
J K Cements,2928.50,22628.01,12381.55,586.17,8879.26,611.47,18.66,10284.21,16.62,17.35,6.57,1.05,5430.66,878.46,-649.05,0.00,15.63,16.42,14.97,37.96,36.21,342.47,269.69
Zee Entertainmen,235.05,22577.01,13923.05,113.19,8309.68,809.24,55.79,10350.95,14.86,10.00,8.04,0.03,2767.10,279.90,51.30,0.00,38.65,18.40,1.06,-12.83,-7.53,245.90,45.10
Metro Brands,825.65,22435.23,2616.98,52.51,1871.19,351.07,538.60,2155.31,19.88,20.20,10.77,0.56,1108.30,219.70,172.26,0.00,3.28,33.55,3.33,12.44,,134.24,50.43
Thermax,1869.20,22272.70,7837.65,297.35,7336.39,349.98,1349.43,3146.30,11.50,9.09,4.39,0.13,1837.94,324.71,240.93,0.00,12.35,6.61,0.86,-6.33,21.18,113.24,25.17
SKF India,4491.40,22204.57,2887.09,424.63,4138.99,483.49,2.48,1898.06,30.59,22.90,16.02,0.01,1259.03,57.09,-33.69,0.00,6.36,16.45,6.50,5.79,28.17,57.10,2.08
Dixon Technolog.,3718.05,22144.77,5048.14,187.32,12747.84,231.90,25.33,1659.93,22.52,21.89,5.33,0.37,745.01,272.74,-144.65,0.00,16.27,3.65,53.04,44.37,70.55,83.95,49.40
Relaxo Footwear,888.45,22115.83,2380.55,70.82,2778.51,194.10,142.07,1881.68,17.55,13.64,9.97,0.10,1165.73,55.99,-82.93,0.00,3.11,13.62,5.00,8.98,12.76,113.54,17.20
Ipca Labs.,864.35,21928.92,7898.15,227.75,5906.26,613.52,370.10,6262.22,20.39,17.37,13.00,0.13,3358.68,856.04,379.93,48.62,10.57,17.68,15.67,26.59,14.49,232.42,11.20
LIC Housing Fin.,395.05,21730.24,265234.31,463.99,20784.77,3123.06,6103.48,-5052.60,7.10,10.08,0.93,9.12,-89122.70,-16729.27,-16764.56,0.00,20.97,88.82,4.72,-2.07,-2.31,55.19,14151.09
Crompton Gr. Con,340.90,21677.34,5238.20,41.07,5881.90,581.45,2543.41,2308.73,23.76,26.31,12.97,0.62,2583.03,730.19,559.60,0.00,39.69,13.07,6.26,13.34,11.56,42.29,35.31
Oil India,198.80,21557.98,70704.44,342.81,38245.87,8116.83,29728.06,30455.29,21.55,20.37,11.32,0.48,29993.54,9309.57,3341.58,0.00,11.78,34.58,23.42,11.83,9.82,1824.48,940.12
Aarti Industries,590.85,21418.55,8640.83,129.34,7426.91,1226.24,28.29,7393.21,22.07,27.75,15.10,0.59,3516.63,470.76,-835.29,0.00,12.11,24.96,18.87,38.63,17.42,288.52,114.29
Bayer Crop Sci.,4745.00,21325.02,4629.80,640.54,5072.70,660.59,39.30,2836.30,30.91,23.69,13.99,0.03,2122.30,215.50,168.20,0.00,3.10,17.74,14.34,21.10,8.98,64.50,12.90
Pun. & Sind Bank,31.45,21316.14,121067.55,20.67,7444.82,1129.72,42280.87,10515.45,4.99,9.29,0.90,7.46,-8670.36,-5998.57,-6119.36,0.00,0.01,68.43,-6.06,57.11,18.19,137.09,4444.50
Bata India,1624.85,20883.80,3151.20,100.18,3279.33,309.47,0.00,2222.22,8.37,5.74,2.99,0.95,1759.39,211.51,163.79,0.00,7.87,22.46,-6.61,-32.30,-1.69,241.96,99.43
Laurus Labs,384.10,20689.58,7494.71,70.46,5303.65,789.43,361.72,5472.17,23.40,24.62,12.28,0.51,2523.87,822.97,61.58,0.00,22.67,27.01,28.16,98.78,73.41,235.48,95.86
Devyani Intl.,171.20,20625.09,2602.89,6.84,2667.33,281.21,0.00,2055.71,15.98,42.84,8.80,1.71,1359.60,450.59,157.61,0.00,8.30,23.19,16.72,56.96,,221.33,128.73
Fortis Health.,272.15,20546.19,12278.39,92.03,5939.80,466.78,151.41,9866.42,10.82,6.12,4.78,0.18,1836.79,865.39,750.12,0.00,30.59,17.88,8.56,65.45,27.73,300.84,146.85
L&T Fin.Holdings,82.40,20419.18,107655.27,82.52,12044.03,1231.19,11134.83,7585.40,6.58,4.66,0.84,4.18,-13579.04,6078.06,6001.46,0.00,6.75,57.22,-3.72,-26.07,-8.31,102.64,5765.01
CRISIL,2779.85,20310.71,2430.49,215.21,2652.48,540.70,464.38,1343.77,39.50,29.28,17.95,0.07,2018.68,403.12,430.12,0.00,6.69,25.99,9.58,5.49,14.11,105.98,8.93
Navin Fluo.Intl.,4085.95,20250.37,3051.91,392.46,1604.61,276.20,281.05,2523.82,19.14,15.16,12.31,0.31,728.19,74.76,-501.08,0.00,20.07,24.04,13.43,21.47,59.39,47.90,1.90
Grindwell Norton,1826.75,20225.78,2245.98,146.09,2333.41,341.86,651.37,1411.75,25.72,19.17,14.15,0.02,1053.87,186.58,66.68,0.00,7.52,19.86,7.99,21.57,46.57,53.47,4.12
Mindspace Busine,339.49,20132.37,22583.40,257.37,2084.60,434.85,4.40,21119.40,5.29,2.96,2.24,0.32,,1159.80,585.60,0.00,,69.31,6.93,-0.37,,328.90,265.00
Hatsun Agro,897.70,19996.16,3390.00,48.22,1747.73,171.91,15.74,2881.93,14.60,20.14,6.44,1.72,2298.35,576.38,6.56,0.00,4.17,9.52,10.20,21.46,28.46,310.77,106.63
Pfizer,4343.05,19868.47,3830.72,637.46,637.47,527.09,0.00,2448.65,29.18,23.26,17.06,0.01,1847.20,667.08,653.83,0.00,2.55,31.93,7.85,12.53,1.43,115.00,10.70
Vinati Organics,1905.35,19583.58,2252.80,192.48,566.29,401.57,107.18,1671.59,26.59,20.56,18.14,0.00,1100.63,127.10,-39.56,0.00,4.76,26.50,12.72,7.03,26.03,45.49,1.65
Apollo Tyres,308.15,19570.64,25774.75,177.82,5956.05,722.49,60.73,19900.13,6.98,5.49,2.43,0.63,9993.78,2238.76,422.40,0.00,21.75,11.95,6.08,-8.54,24.11,1399.67,465.16
Dr Lal Pathlabs,2345.80,19552.68,2302.00,185.93,533.80,248.00,123.90,1904.90,29.44,25.08,17.49,0.18,1544.34,446.69,-27.80,0.00,23.26,24.35,20.15,20.14,16.33,108.11,30.18
Sundram Fasten.,923.60,19407.46,4469.99,136.46,1401.65,465.91,78.80,3522.57,20.07,18.30,11.20,0.25,2486.82,401.18,202.19,0.00,11.75,15.17,2.46,-0.26,26.12,190.79,28.72
Endurance Tech.,1367.35,19233.53,6506.90,286.55,2360.63,473.24,491.06,4666.31,14.10,12.52,8.08,0.16,4014.84,741.55,222.02,27.11,6.87,11.51,0.18,-2.32,9.00,381.73,6.35
Sun TV Network,483.65,19059.90,9626.24,224.83,825.65,1782.35,4636.08,6904.01,27.46,20.45,18.46,0.01,7948.85,1633.67,503.99,0.00,9.79,65.76,-1.77,3.73,2.80,306.12,33.25
Piramal Enterp.,790.45,18865.17,80389.44,1150.91,1893.71,-308.67,23415.56,2296.61,8.61,5.73,2.29,1.72,-7647.28,8749.59,7827.64,0.00,32.05,25.39,5.60,3.36,-4.63,665.78,4479.87
Poonawalla Fin,246.10,18829.58,19292.93,83.73,627.27,514.35,659.29,1040.53,8.42,9.10,2.53,1.94,-940.50,-3049.29,-3087.92,0.00,7.48,62.92,-6.56,7.32,67.79,54.55,716.17
Rajesh Exports,636.10,18781.49,24459.08,455.64,80270.07,1083.41,1208.77,12992.57,8.85,8.53,4.26,0.05,-7070.66,-4.38,-92.03,0.00,17.62,0.42,11.42,-7.94,-2.18,90.87,89.97
Whirlpool India,1474.65,18708.88,5372.75,270.43,1611.54,259.33,0.00,3831.07,10.67,9.23,5.38,0.01,1788.85,97.77,-70.19,5.24,3.04,6.50,4.71,-11.17,-15.36,147.46,15.87
Emami,413.95,18261.40,3173.44,52.87,813.75,831.21,332.79,1877.51,30.61,41.63,28.70,0.04,3237.68,643.85,163.62,0.00,11.25,25.78,5.81,38.18,10.81,334.78,5.07
KPIT Technologi.,650.45,17831.68,2440.56,50.77,744.83,317.49,127.79,1495.13,24.14,21.49,12.66,0.13,1642.46,474.99,406.49,0.00,16.89,18.76,55.96,50.43,94.17,119.61,19.40
Prestige Estates,441.00,17678.00,32823.70,234.01,1427.70,521.02,761.20,14685.50,8.51,6.09,2.02,0.81,8039.30,2139.90,-130.50,0.00,23.17,23.79,7.30,15.23,9.67,471.00,555.30
Blue Dart Expres,7423.15,17615.13,3070.81,433.35,1325.28,472.82,368.37,1850.19,31.04,55.18,14.11,1.04,2534.11,859.79,689.33,0.00,5.13,21.35,11.59,64.82,50.51,395.37,86.97
Kajaria Ceramics,1080.15,17199.50,3133.27,140.46,1077.76,381.58,0.00,2530.58,24.48,18.93,13.92,0.10,1714.24,425.52,162.13,0.00,19.44,14.87,7.82,17.48,27.99,115.36,12.73
IIFL Finance,442.80,16824.02,48679.54,220.12,2022.88,1339.90,2590.69,7485.26,11.30,20.02,2.74,4.30,-10763.82,1783.73,1684.13,0.00,25.57,63.48,11.88,18.05,45.96,121.70,3016.17
Fine Organic,5467.90,16764.57,1631.37,420.00,919.17,536.26,35.36,1209.56,38.79,30.71,23.78,0.03,583.79,66.98,5.88,0.00,6.74,25.75,20.95,23.98,42.45,39.90,5.11
K P R Mill Ltd,489.70,16738.63,4823.81,99.20,1219.96,861.53,334.04,4282.84,31.09,29.93,20.44,0.31,2233.37,494.23,-392.43,0.00,3.58,24.08,12.53,35.61,54.89,141.12,23.29
ZF Commercial,8767.40,16622.99,2764.32,1173.36,792.83,219.48,1.00,2160.18,8.70,6.30,5.04,0.02,961.72,138.26,-38.05,0.00,1.23,11.70,-3.77,-20.92,11.30,92.43,1.90
IRB Infra.Devl.,269.45,16272.09,43452.54,215.64,1342.95,695.68,4847.47,31822.91,8.79,3.66,0.85,1.28,9782.41,364.11,-1010.23,0.00,48.76,48.35,-4.71,-25.00,59.42,682.77,1894.04
The Ramco Cement,684.95,16184.85,13919.15,278.36,1784.36,330.38,201.07,11828.80,9.51,14.68,7.31,0.74,5657.13,1129.05,-680.46,0.23,6.63,14.83,5.13,20.89,-2.97,400.84,113.00
Carborundum Uni.,850.10,16143.71,3986.67,144.31,1127.77,326.34,150.97,3073.61,20.23,14.88,11.79,0.16,1516.96,244.53,-315.35,0.00,9.38,13.85,7.33,10.68,38.09,114.57,5.64
Five-Star Bus.Fi,553.65,16131.49,6627.66,137.55,360.55,453.56,164.40,549.39,15.09,15.05,7.47,0.63,-3354.40,-277.16,-285.78,0.00,,73.10,46.16,42.63,,12.25,302.41
Ajanta Pharma,1240.35,15892.00,4447.85,281.25,938.10,674.21,306.18,3619.28,29.15,22.79,18.46,0.01,2250.75,562.04,431.58,0.00,8.23,24.03,17.58,22.59,24.90,125.30,10.20
ICICI Securities,492.25,15891.24,14116.78,80.80,858.46,1294.64,9.56,4193.23,27.03,65.00,12.66,3.14,-3724.88,-2597.46,-2660.68,0.00,7.43,62.47,25.80,41.19,10.59,62.53,273.68
Trident,31.10,15848.42,6017.22,7.48,1437.67,578.35,0.82,5166.63,23.39,23.38,13.64,0.31,3753.17,902.58,550.84,0.00,2.59,16.45,10.06,31.34,65.99,332.80,86.23
Gillette India,4861.50,15843.63,1608.30,264.29,619.92,294.18,0.00,716.58,51.17,35.10,19.28,0.00,1501.21,461.53,345.21,0.00,2.34,21.42,6.09,4.37,-9.72,68.36,10.53
F A C T,243.00,15723.85,4904.00,7.49,1935.00,666.30,111.46,2317.64,37.43,9431.77,11.50,3.78,1201.07,152.45,87.97,0.00,,13.48,31.30,53.70,82.01,27.14,244.41
IIFL Wealth Mgt,1749.00,15562.19,9645.25,341.98,505.26,649.35,3270.96,1432.41,13.42,19.83,5.93,1.86,2313.55,928.80,912.42,0.00,23.01,54.16,9.49,15.53,16.25,41.74,369.78
Nippon Life Ind.,245.35,15289.05,3469.91,52.22,308.98,657.02,2751.24,495.73,29.69,22.25,20.52,0.00,2323.86,560.69,553.95,0.00,6.37,62.41,-3.50,14.39,-11.02,26.73,3.79
J B Chem & Pharm,1955.95,15130.78,3206.70,299.38,809.44,384.84,118.85,2738.25,23.37,18.12,14.82,0.15,1077.91,170.13,-528.88,0.00,8.66,21.65,13.84,25.37,65.73,72.66,5.12
Narayana Hrudaya,739.60,15114.53,3725.39,88.08,1141.58,445.74,163.00,2482.50,24.74,26.72,11.79,0.48,1693.55,485.02,234.83,0.00,9.55,19.16,8.96,80.59,34.52,183.48,76.09
Exide Inds.,177.35,15074.75,14775.82,128.96,3841.13,782.29,5935.16,6602.63,10.61,48.55,20.49,0.05,6544.69,61.25,-602.99,11.14,10.48,10.41,-4.58,77.70,-0.13,439.52,64.36
Clean Science,1417.15,15055.45,1030.34,82.29,247.51,259.16,331.58,754.07,46.63,34.93,28.84,0.00,610.08,127.25,-2.36,0.00,4.43,40.23,20.31,32.67,,24.92,0.44
Bharat Dynamics,820.05,15029.98,6825.16,170.66,534.79,616.80,0.00,4226.34,26.09,18.31,8.26,0.00,1843.91,529.66,427.62,0.00,2.88,24.29,-2.81,7.39,39.44,90.35,4.75
AAVAS Financiers,1871.95,14795.78,11887.97,383.59,394.75,400.82,66.82,1543.83,9.51,13.70,3.57,2.84,-5587.86,-1135.91,-1151.15,0.00,37.67,73.10,22.48,26.59,0.06,23.76,477.50
Guj.St.Petronet,254.05,14333.79,16393.50,154.49,4311.92,1645.77,1679.52,10896.86,36.18,22.99,15.21,0.04,12126.69,2745.54,1456.31,0.00,17.31,17.36,24.40,17.72,5.72,579.46,111.78
Godrej Industrie,424.55,14291.98,36793.50,218.20,4021.04,773.29,9101.98,19849.34,9.81,9.06,3.23,2.19,893.01,-1756.19,-2256.11,0.00,8.96,7.93,9.21,10.69,0.07,273.58,623.14
Mazagon Dock,700.35,14125.36,28459.96,185.46,1702.36,780.18,6.00,2649.19,25.49,19.10,2.21,0.00,316.90,-162.63,-200.16,0.00,3.05,8.29,7.51,4.83,,74.51,14.94
Hitachi Energy,3306.60,14013.92,3719.01,273.69,1114.61,125.33,0.00,1462.74,25.72,17.42,5.12,0.32,,-126.69,-294.15,0.00,4.95,5.29,,,,95.46,52.79
Aptus Value Hou.,275.55,13722.19,6957.01,63.75,268.24,453.50,339.18,744.28,13.60,15.14,7.25,1.18,-3288.52,-723.53,-726.90,0.00,12.42,82.46,35.82,49.09,,6.61,209.29
Piramal Pharma,114.50,13663.50,13670.83,55.91,1720.01,383.92,299.35,11303.51,7.16,6.24,3.30,0.75,,766.42,-90.67,0.00,47.36,14.48,,,,586.18,198.25
Affle India,1022.50,13624.92,1875.14,99.67,354.59,243.75,133.86,1326.73,27.92,27.83,16.66,0.10,469.28,205.98,133.44,65.10,14.24,19.48,63.08,63.63,47.46,32.44,7.08
Ratnamani Metals,1926.55,13503.57,3063.40,337.90,899.82,386.23,126.53,2493.97,19.65,15.22,11.55,0.06,969.55,-271.74,-415.41,0.00,12.51,15.22,4.44,8.39,40.94,80.21,21.36
CreditAcc. Gram.,858.05,13400.23,14739.95,277.52,671.43,571.87,1052.67,410.62,9.72,10.09,2.78,2.32,-7738.50,-1968.56,-1991.55,0.00,9.33,64.13,21.32,5.89,3.71,26.23,791.41
DCM Shriram,859.10,13397.00,9759.92,371.95,2739.72,1133.06,3.31,7490.14,24.47,20.63,12.22,0.27,5209.45,1224.36,461.78,0.00,2.97,17.35,7.40,5.68,33.49,237.95,85.37
Redington,170.90,13356.52,21382.47,79.60,19050.74,1438.80,0.00,8410.40,29.26,23.82,7.96,0.30,6705.80,989.20,870.14,0.00,37.94,2.88,10.42,33.68,43.13,141.28,162.80
Alkyl Amines,2613.10,13353.07,1403.70,210.24,408.87,226.59,0.00,1159.00,32.98,25.19,17.83,0.06,1002.15,204.67,-41.49,0.00,2.32,20.02,22.16,38.96,83.65,34.75,3.83
Sanofi India,5798.00,13352.79,2176.60,631.64,691.90,493.66,0.00,1401.20,34.77,26.75,19.44,0.02,2391.20,558.80,573.60,0.00,8.26,23.86,2.19,15.04,-6.02,66.70,1.80
Capri Global,752.95,13239.65,8499.00,116.16,345.59,209.00,462.06,329.76,9.89,11.27,3.16,3.00,-3421.15,-1340.69,-1352.12,0.00,0.09,59.09,18.08,15.04,55.38,9.88,331.59
Elgi Equipments,416.95,13213.52,2332.01,35.54,738.72,235.44,37.04,1752.40,18.61,17.63,9.09,0.60,562.45,68.56,44.24,0.00,28.99,13.16,10.66,17.96,48.31,74.49,13.03
Bajaj Electrical,1147.85,13203.97,4342.28,158.94,1220.35,214.40,49.64,1425.04,13.34,9.42,3.86,0.03,1518.12,935.83,901.97,0.00,10.81,6.11,-10.52,-1.56,51.47,56.75,52.93
Natl. Aluminium,71.85,13196.20,17669.07,71.06,3489.57,2605.30,876.94,13220.58,33.98,25.41,18.45,0.01,9808.37,3958.35,2684.83,0.00,14.69,26.07,7.24,19.44,18.44,836.59,23.12
Rail Vikas,63.15,13166.90,16498.23,33.68,4908.90,1350.06,1986.73,8428.77,16.79,19.66,6.94,0.91,3200.11,4800.12,4684.22,0.00,1.76,6.30,24.40,20.40,40.23,20.91,563.71
Radico Khaitan,977.85,13071.29,3190.02,153.98,761.39,233.19,175.40,2209.60,16.44,13.44,9.44,0.20,1274.28,219.94,84.52,0.00,18.86,12.35,11.49,10.27,45.29,64.88,13.35
Shri.City Union.,1921.80,12883.31,48143.56,1511.53,2155.21,1364.11,1833.52,5925.94,10.87,13.04,2.83,3.69,-8976.08,-3861.27,-3889.03,0.00,26.95,63.35,5.38,4.75,11.79,86.23,2829.20
KEI Industries,1409.00,12708.11,3284.15,259.86,1608.07,427.80,1.95,2550.46,23.85,19.25,11.51,0.08,1182.81,228.63,169.00,0.00,26.96,9.94,10.65,27.40,44.67,55.45,40.39
Suven Pharma,496.05,12627.69,1806.02,59.04,278.40,431.34,444.40,1533.89,40.83,29.79,24.42,0.06,,330.00,254.81,0.00,7.58,43.26,51.75,54.60,,39.10,8.53
SJVN,32.10,12614.64,26273.25,35.65,878.48,1302.84,274.11,20380.18,9.20,7.78,4.96,0.64,8493.17,2137.73,-2290.06,0.00,2.96,74.84,-2.96,-10.45,8.76,404.29,225.52
Indiamart Inter.,4108.75,12578.76,3000.50,621.96,229.10,257.10,2874.00,1277.30,22.47,17.65,11.30,0.03,1438.92,406.76,402.52,0.00,25.00,31.68,14.72,190.79,25.44,11.90,5.40
Aditya AMC,436.50,12571.20,2560.32,81.25,311.09,639.29,2204.18,143.24,44.83,34.50,30.45,0.02,2233.80,563.18,547.19,0.00,2.34,62.82,-0.05,14.62,,35.62,5.00
Happiest Minds,848.25,12457.70,1317.63,50.21,337.65,210.15,324.35,814.55,31.23,30.65,18.74,0.53,,159.27,155.24,0.00,3.94,24.64,20.52,76.35,,24.23,8.30
Lak. Mach. Works,11443.70,12225.30,4076.94,1990.67,1211.90,324.02,467.35,1547.08,13.51,10.25,6.04,0.00,1024.82,484.77,410.85,0.00,4.71,9.24,5.35,-1.49,51.85,59.72,0.09
RHI Magnesita,756.35,12176.96,1905.07,70.87,599.14,328.61,10.13,1177.40,36.79,29.33,18.30,0.06,477.23,26.47,-35.44,0.00,2.47,19.65,38.58,43.99,48.18,33.63,3.26
Sheela Foam,1241.85,12116.19,2448.44,152.83,722.16,211.28,615.20,1632.16,17.84,16.20,9.46,0.33,879.91,197.15,54.24,30.54,3.16,10.04,13.01,16.90,24.41,80.78,16.97
Glenmark Pharma.,429.15,12109.25,18030.85,339.27,3375.25,959.53,44.63,12612.58,15.99,13.61,7.11,0.44,6604.49,1108.65,322.89,64.40,23.14,17.90,7.64,10.31,7.33,486.72,298.10
Global Health,444.55,11922.16,3221.94,66.17,617.21,196.00,0.05,2705.85,14.65,13.22,6.71,0.63,,311.26,38.16,0.00,6.76,21.11,14.17,56.26,,129.71,86.32
Asahi India Glas,486.80,11834.11,4093.24,79.14,1014.43,437.93,103.92,3031.65,20.77,21.07,8.94,0.62,2268.68,586.06,509.19,0.00,3.29,24.11,2.86,21.40,34.38,159.69,120.96
Krishna Institu.,1473.95,11795.70,2694.24,195.71,564.07,318.58,60.33,2167.65,34.10,29.73,20.73,0.30,1121.17,324.03,154.03,0.00,10.17,29.19,21.61,107.91,,72.67,21.87
K E C Intl.,455.55,11711.66,17721.51,142.11,4064.00,291.91,0.00,6449.53,14.13,10.13,2.34,1.09,1501.67,-283.71,-425.39,0.00,11.58,5.58,7.70,-10.63,15.62,157.86,412.52
Indian Energy Ex,130.20,11700.68,1208.63,8.37,95.20,299.44,969.17,589.18,63.29,48.55,22.41,0.02,1489.38,787.72,776.89,0.00,15.79,84.19,18.76,24.29,40.15,16.32,1.97
Campus Activewe.,383.95,11697.14,1263.02,15.74,333.17,85.47,0.00,833.37,31.87,29.48,13.23,0.83,,17.87,-14.86,0.00,6.18,13.09,37.05,39.61,,53.04,19.62
BASF India,2693.75,11661.24,6282.96,603.27,3581.99,560.82,0.00,2492.10,33.51,28.20,10.33,0.04,1597.49,329.93,206.23,0.00,2.78,6.29,29.54,167.89,38.98,170.57,17.47
Castrol India,116.75,11548.00,3021.73,18.14,1121.07,810.43,0.00,1646.08,67.50,49.60,29.77,0.00,3560.27,630.21,547.00,0.00,10.84,24.02,2.40,2.32,-3.28,82.70,2.41
Mahindra CIE,303.95,11529.35,10484.99,142.35,2723.15,611.00,46.90,6982.73,11.05,7.80,4.11,0.23,3838.00,1051.20,573.40,0.00,7.26,10.96,1.45,-7.37,21.22,343.10,53.20
Chambal Fert.,277.00,11528.96,18981.02,163.08,8586.75,1294.53,528.48,13727.30,23.35,26.39,13.23,1.02,7788.07,-24.23,-187.77,0.00,11.09,8.28,16.76,30.29,23.56,299.74,108.88
Blue Star,1196.85,11527.33,4411.20,108.54,1576.24,240.46,149.62,1604.97,19.91,17.49,4.24,0.76,1168.84,91.80,-126.14,0.00,11.79,6.05,4.92,-4.19,14.79,85.98,46.40
Alembic Pharma,580.05,11401.64,7098.67,260.47,1475.01,266.16,117.72,5823.04,10.93,10.06,7.49,0.15,3589.25,552.35,128.09,0.00,5.32,11.97,10.48,-3.75,2.03,286.79,17.73
C D S L,1087.65,11365.94,1388.67,102.92,148.95,299.30,1001.90,681.72,41.45,31.57,25.87,0.00,722.23,282.50,257.48,0.00,,62.20,41.10,39.96,69.07,11.46,0.08
Aegis Logistics,321.25,11275.88,6400.89,94.94,2150.52,393.28,111.52,5192.31,17.37,17.38,11.00,0.46,1598.49,262.87,-130.28,0.00,15.46,7.08,-6.23,17.33,22.91,79.36,21.75
Aster DM Health.,225.40,11259.02,13646.35,83.01,2816.30,489.36,43.54,10070.20,11.58,15.97,4.97,1.27,5244.10,1313.46,769.55,0.00,11.77,13.52,8.79,2.17,13.38,640.58,306.85
V-Guard Industri,260.70,11256.31,2080.48,33.60,980.66,240.27,232.57,1364.81,21.75,17.42,11.56,0.06,533.89,-34.79,-112.15,0.00,12.92,8.69,10.63,11.10,7.18,47.50,7.52
KIOCL,184.95,11240.36,2421.66,32.08,154.47,-18.19,242.61,2121.56,19.35,15.18,12.09,0.06,-80.73,69.92,-220.44,0.00,0.00,-1.23,16.78,42.44,18.23,31.18,12.40
Century Plyboard,502.50,11164.19,2385.43,77.03,908.60,368.84,0.21,1882.15,29.75,22.18,15.50,0.15,1617.25,276.18,18.58,0.00,6.96,16.24,9.90,27.74,46.29,74.28,11.43
G R Infraproject,1149.05,11110.05,12463.66,574.13,2136.36,1164.09,48.89,5368.77,16.33,18.92,7.64,0.95,-1190.00,148.01,-274.65,0.00,0.63,23.56,16.99,5.39,,281.63,420.26
Kalyan Jewellers,107.70,11093.67,9699.73,32.16,3472.91,420.26,2.60,7160.06,9.36,7.51,2.51,1.21,,245.00,154.19,0.00,2.75,8.00,3.45,293.82,,231.58,360.37
Jindal Stain.,207.55,10906.66,15442.80,107.90,5604.51,1644.18,641.60,8918.23,37.58,45.11,14.91,0.65,6442.48,1083.23,324.52,0.00,12.71,10.92,16.11,136.51,77.20,371.20,332.31
TTK Prestige,778.55,10791.79,2502.70,129.55,842.35,307.86,213.56,1862.65,24.48,18.85,13.69,0.05,1056.93,294.20,252.97,0.00,8.79,14.89,8.92,16.59,11.34,44.15,6.83
Chola Financial,572.35,10746.48,109844.06,366.82,4298.42,1103.96,15002.89,-7599.16,10.18,17.29,2.40,11.51,-32948.22,-5738.48,-5873.96,0.00,11.76,50.38,10.26,13.66,4.82,154.16,4327.87
NLC India,77.40,10732.57,51604.98,107.85,3489.28,1582.61,7.42,43101.41,8.03,5.49,1.51,1.48,19959.53,7769.64,6855.96,0.00,1.16,34.62,6.93,-20.63,13.35,1908.72,983.78
Suzlon Energy,9.00,10637.78,5893.42,-0.25,1437.75,-103.05,0.03,2590.08,22.30,,-1.00,,2060.66,1301.90,1226.08,5.63,6.94,12.84,9.42,25.12,69.75,259.84,734.52
Cams Services,2169.05,10626.96,980.66,136.51,231.98,272.25,481.11,544.72,62.91,54.31,33.52,0.11,1057.61,305.94,246.21,0.00,33.21,44.42,9.87,38.35,,47.40,6.62
UTI AMC,829.85,10536.26,3936.20,287.50,435.79,475.34,3034.97,586.29,19.52,15.58,14.00,0.00,1121.60,348.98,311.12,0.00,6.25,47.91,7.89,15.37,,36.82,9.18
Angel One,1245.60,10384.24,9424.62,226.42,716.73,764.43,97.29,3412.80,35.48,46.03,10.39,1.61,-616.80,557.55,488.46,0.00,11.27,39.96,43.37,98.57,,18.64,75.98
Finolex Inds.,166.85,10352.66,4717.89,61.77,941.13,386.03,2382.05,2538.00,27.40,21.88,16.03,0.01,2398.66,621.99,918.21,0.00,5.59,10.35,14.56,27.83,15.36,83.40,14.09
Amara Raja Batt.,603.40,10306.83,6934.88,292.03,2699.46,576.81,492.66,4939.72,15.60,11.59,8.34,0.02,3474.89,632.95,-126.80,0.00,18.47,11.40,8.58,1.74,-5.31,395.72,15.10
Aether Industri.,818.35,10189.33,1342.75,96.62,140.15,109.24,0.26,1222.77,29.96,38.73,17.78,0.03,,-5.44,-157.18,64.59,1.49,26.82,43.14,66.99,,15.49,13.12
Sundaram Clayton,5004.65,10125.45,35225.24,2689.20,8962.55,641.95,818.34,18254.43,11.66,11.16,3.11,3.62,-260.85,-1548.12,-2568.20,0.00,1.23,12.47,5.90,0.93,34.50,844.58,985.13
